restaurant_name,dish_name,category,price
TigerHawk Sandwich Company,Biggie Smalls,breakfast sandwich,10
TigerHawk Sandwich Company,Early Bird,breakfast sandwich,11
TigerHawk Sandwich Company,Rise and Shine,breakfast sandwich,13
TigerHawk Sandwich Company,B.E.A.C.H. Please,breakfast sandwich,14
TigerHawk Sandwich Company,K-Pop in the Morning,breakfast sandwich,13
TigerHawk Sandwich Company,Egg Banh Mi,breakfast sandwich,13
TigerHawk Sandwich Company,Avocado Toast,breakfast,13
TigerHawk Sandwich Company,Seared Tofu K-Pop Star Sandwich,sandwich,16
TigerHawk Sandwich Company,Seared Tofu & Shiitake Shroom Banh Mi Sandwich,sandwich,15
TigerHawk Sandwich Company,Crispy Parmesan Grilled Cheese,sandwich,12
TigerHawk Sandwich Company,Hawk Style Fried Chicken Sandwich,sandwich,16
TigerHawk Sandwich Company,Chad's Style Fried Chicken Sandwich,sandwich,16
TigerHawk Sandwich Company,Tiger Style Fried Chicken Sandwich,sandwich,16
TigerHawk Sandwich Company,Krispy K-Pop Fried Chicken Sandwich,sandwich,16
TigerHawk Sandwich Company,Teriyaki Beef Banh Mi,sandwich,17
TigerHawk Sandwich Company,Teriyaki Chicken Banh Mi,sandwich,16
TigerHawk Sandwich Company,Fried Chicken Banh Mi,sandwich,16
TigerHawk Sandwich Company,Pork Belly Banh Mi,sandwich,16
TigerHawk Sandwich Company,In Da Club,sandwich,17
TigerHawk Sandwich Company,Pac's Pollo,sandwich,17
TigerHawk Sandwich Company,K-Pop Star,sandwich,17
TigerHawk Sandwich Company,Notorious P.B.L.T.,sandwich,17
TigerHawk Sandwich Company,Cheesesteak Bomb,sandwich,17
TigerHawk Sandwich Company,Fried Chicken Caesar Wrap,sandwich,17
TigerHawk Sandwich Company,Biscuit Fried Chicken,sandwich,17
TigerHawk Sandwich Company,Banh Mi Style Salad,salad,17
TigerHawk Sandwich Company,Caesar Salad,salad,13
TigerHawk Sandwich Company,Chicken Tenders & Fries,tendys,15
TigerHawk Sandwich Company,Teriyaki Beef Poke Bowl,pokebowl,18
TigerHawk Sandwich Company,Teriyaki Chicken Poke Bowl,pokebowl,18
TigerHawk Sandwich Company,Fried Chicken Poke Bowl,pokebowl,17
TigerHawk Sandwich Company,Pork Belly Poke Bowl,pokebowl,18
TigerHawk Sandwich Company,Tuna Poke Bowl,pokebowl,26
Mo's Lunch,Roast Pork Sandwich,sandwich,16
Mo's Lunch,Italian Sandwich,sandwich,16
Mo's Lunch,Cauliflower Melt,sandwich,15
Mo's Lunch,Chickpea Salad Sandwich,sandwich,14
Mo's Lunch,Turkey Sandwich,sandwich,16
Mo's Lunch,Beef Sandwich,sandwich,16
Mo's Lunch,Cold Tuna Sub,sandwich,14
Mo's Lunch,Tuna Melt,sandwich,14
Mo's Lunch,Banh Mi,sandwich,16
Mo's Lunch,Filet o' Fish,sandwich,12
Mo's Lunch,Leo Burger,burger,11
Mo's Lunch,Waffle Fries,fries,16
Mo's Lunch,Chopped Salad,salad,15
Mo's Lunch,Kale Caesar Salad,salad,15
Mo's Lunch,Nicoise Salad,salad,18
Mo's Lunch,Side Salad,salad,8
Mo's Lunch,Country Pate,apps,20
Mo's Lunch,Tinned Fish,apps,18
Mo's Lunch,Today's Cheese,apps,18
Mo's Lunch,Smoked Bluefish Pate,apps,21
Mo's Lunch,Mortadella,apps,18
Mo's Lunch,Meat + Cheese,apps,22
Mo's Lunch,Broccoli Rabe,apps,9
Mo's Lunch,Polenta Frys,apps,9
Mo's Lunch,Onion Rings,apps,9
Mo's Lunch,Pickles,apps,7
Coop de Ville,New England Clam Chowder Cup,chowder,8
Coop de Ville,New England Clam Chowder Bowl,chowder,10
Coop de Ville,Stuffed Quahogs,apps,14
Coop de Ville,Peel n Eat Shrimp Half Pound,apps,16
Coop de Ville,Peel n Eat Shrimp One Pound,apps,30
Coop de Ville,LJ's Famous Fried Pickles,apps,12
Coop de Ville,Popcorn Chicken,apps,14
Coop de Ville,Popcorn Shrimp,apps,14
Coop de Ville,Local Hand-dug Steamers,apps,32
Coop de Ville,Coconut Shrimp,apps,15
Coop de Ville,Maryland Style Crab Cakes,apps,20
Coop de Ville,Clam Strip Basket,seafood,19
Coop de Ville,Beer Battered Shrimp Basket,seafood,18
Coop de Ville,Whole Belly Clam Basket,seafood,29
Coop de Ville,Fresh Sea Scallop Basket,seafood,26
Coop de Ville,Popcorn Shrimp Basket,seafood,17
Coop de Ville,Blackened Mahi Mahi,seafood,30
Coop de Ville,Popcorn Chicken Basket,fried chicken,17
Coop de Ville,BBQ Ribs Half Rack,entree,23
Coop de Ville,BBQ Ribs Full Rack,entree,44
Coop de Ville,Marinated Steak Tip,entree,33
Coop de Ville,Pulled Pork BBQ Sandwich,sandwich,15
Coop de Ville,Cod Fish Sandwich,sandwich,18
Coop de Ville,Grilled Marinated Chicken Sandwich,sandwich,15
Coop de Ville,Fried Whole Belly Clam Roll,sandwich,29
Coop de Ville,Fried Scallop Roll,sandwich,24
Coop de Ville,Pearl Beef Dog,sandwich,13
Coop de Ville,Grilled Steak Tip Sub,sandwich,19
Coop de Ville,Blackened Mahi Mahi Sandwich,sandwich,20
Coop de Ville,Tuna Melt,sandwich,15
Coop de Ville,Coop Cheese Burger,burger,16
Coop de Ville,Beyond Burger,burger,16
Coop de Ville,Lobster Salad Roll,lobster roll,35
Coop de Ville,Wings,wings,19
Martha's Vineyard Chowder Company,Martha's Vineyard Clam Chowder (Cup),chowder,11
Martha's Vineyard Chowder Company,Martha's Vineyard Clam Chowder (Bowl),chowder,15
Martha's Vineyard Chowder Company,MV Lobster Bisque (Cup),apps,12
Martha's Vineyard Chowder Company,MV Lobster Bisque (Bowl),apps,16
Martha's Vineyard Chowder Company,French Onion Soup (Cup),apps,11
Martha's Vineyard Chowder Company,French Onion Soup (Bowl),apps,16
Martha's Vineyard Chowder Company,Our Famous Crab Rangoons,apps,16
Martha's Vineyard Chowder Company,Lobster Guacamole,apps,19
Martha's Vineyard Chowder Company,Crispy Calamari,apps,19
Martha's Vineyard Chowder Company,Lobster Dumplings,apps,16
Martha's Vineyard Chowder Company,Clam Stuffers,apps,19
Martha's Vineyard Chowder Company,Mini Crab Cakes,apps,16
Martha's Vineyard Chowder Company,Seafood Medley Cakes,apps,19
Martha's Vineyard Chowder Company,Skillet Beef Queso Dip,apps,18
Martha's Vineyard Chowder Company,Blistered Shishito Peppers,apps,17
Martha's Vineyard Chowder Company,Chimichurri Steak Skewers,apps,19
Martha's Vineyard Chowder Company,House Crispy Mozzarella Wedges,apps,17
Martha's Vineyard Chowder Company,Blackened Tuna Sashimi,sushi,22
Martha's Vineyard Chowder Company,Chowdah House Wings,wings,17
Martha's Vineyard Chowder Company,Portobello Fries,fries,17
Martha's Vineyard Chowder Company,Popcorn Chicken,fried chicken,16
Martha's Vineyard Chowder Company,Sea Smoke BBQ Chicken Skewers,fried chicken,18
Martha's Vineyard Chowder Company,Tempura Chicken Breast Tenders,fried chicken,16
Martha's Vineyard Chowder Company,The Classic Caesar,salad,15
Martha's Vineyard Chowder Company,Watermelon Mint Arugula,salad,16
Martha's Vineyard Chowder Company,Summa Power Salad,salad,17
Martha's Vineyard Chowder Company,Crispy Tofu Salad,salad,19
Martha's Vineyard Chowder Company,Crispy Atlantic Cod Sandwich,seafood,19
Martha's Vineyard Chowder Company,Atlantic Cod Fish & Chips,seafood,29
Martha's Vineyard Chowder Company,Fried Shrimp Platter,seafood,34
Martha's Vineyard Chowder Company,Grilled Swordfish Piccata,seafood,29
Martha's Vineyard Chowder Company,Sesame Crusted Ahi Tuna,seafood,33
Martha's Vineyard Chowder Company,Grilled Chicken Sandwich,sandwich,19
Martha's Vineyard Chowder Company,Grilled Sirloin Steak Sandwich,sandwich,25
Martha's Vineyard Chowder Company,Hot Honey Chicken Sandwich,sandwich,19
Martha's Vineyard Chowder Company,Truffled Portobello Sandwich,sandwich,19
Martha's Vineyard Chowder Company,The Mix Up Burger,burger,25
Martha's Vineyard Chowder Company,The Rangoon Burger,burger,25
Martha's Vineyard Chowder Company,The Big Poppa Burger,burger,25
Martha's Vineyard Chowder Company,Half Pound Grilled Burger,burger,19
Martha's Vineyard Chowder Company,Classic Alfredo Linguine,pasta,28
Martha's Vineyard Chowder Company,Linguine Bolognese,pasta,29
Martha's Vineyard Chowder Company,Vegetarian Rasta Pasta,pasta,28
Martha's Vineyard Chowder Company,Roasted Truffle Plum Chicken,entree,29
Martha's Vineyard Chowder Company,The Chowder Co. Ratatouille,entree,29
Martha's Vineyard Chowder Company,Steak Au Poivre,entree,37
Martha's Vineyard Chowder Company,Surf n' Turf Ribeye,entree,56
Lookout Tavern,Hummus Plate,apps,18
Lookout Tavern,Bruschetta,apps,16
Lookout Tavern,Ahi Tuna Poke,apps,22
Lookout Tavern,Chips & Salsa,apps,12
Lookout Tavern,Chips & Guacamole,apps,14
Lookout Tavern,Chips & Queso,apps,14
Lookout Tavern,Quesadilla,apps,14
Lookout Tavern,Fried Calamari,apps,18
Lookout Tavern,Chicken Wings,wings,17
Lookout Tavern,Nachos,apps,16
Lookout Tavern,Mozzarella Sticks,apps,14
Lookout Tavern,Onion Rings,apps,12
Lookout Tavern,New England Clam Chowder,chowder,14
Lookout Tavern,Stuffed Quahogs,apps,16
Lookout Tavern,Steamed Clams,apps,22
Lookout Tavern,Oysters Half Dozen,apps,18
Lookout Tavern,Oysters Dozen,apps,32
Lookout Tavern,Shrimp Cocktail,apps,18
Lookout Tavern,Raw Bar Combo,apps,45
Lookout Tavern,Peel & Eat Shrimp,apps,20
Lookout Tavern,Ceviche,apps,19
Lookout Tavern,Caesar Salad,salad,14
Lookout Tavern,House Salad,salad,12
Lookout Tavern,Greek Salad,salad,16
Lookout Tavern,Caprese Salad,salad,16
Lookout Tavern,Cobb Salad,salad,18
Lookout Tavern,Taco Salad,salad,17
Lookout Tavern,Baja Fish Taco,taco,18
Lookout Tavern,Grilled Fish Taco,taco,18
Lookout Tavern,Shrimp Taco,taco,19
Lookout Tavern,Steak Taco,taco,19
Lookout Tavern,Chicken Taco,taco,17
Lookout Tavern,Carnitas Taco,taco,17
Lookout Tavern,Veggie Taco,taco,15
Lookout Tavern,Blackened Tuna Taco,taco,20
Lookout Tavern,Cheese Pizza,pizza,16
Lookout Tavern,Pepperoni Pizza,pizza,18
Lookout Tavern,Veggie Pizza,pizza,19
Lookout Tavern,Margherita Pizza,pizza,18
Lookout Tavern,BBQ Chicken Pizza,pizza,20
Lookout Tavern,Meat Lovers Pizza,pizza,22
Lookout Tavern,White Pizza,pizza,19
Lookout Tavern,Buffalo Chicken Pizza,pizza,20
Lookout Tavern,Lookout Burger,burger,17
Lookout Tavern,Bacon Cheeseburger,burger,19
Lookout Tavern,Mushroom Swiss Burger,burger,18
Lookout Tavern,Veggie Burger,burger,16
Lookout Tavern,Turkey Burger,burger,17
Lookout Tavern,Fried Chicken Sandwich,sandwich,17
Lookout Tavern,Grilled Chicken Sandwich,sandwich,16
Lookout Tavern,Fish Sandwich,sandwich,18
Lookout Tavern,Lobster Roll,lobster roll,38
Lookout Tavern,Pulled Pork Sandwich,sandwich,16
Lookout Tavern,Steak & Cheese,sandwich,18
Lookout Tavern,Philly Cheesesteak,sandwich,18
Lookout Tavern,Italian Sub,sandwich,16
Lookout Tavern,Club Sandwich,sandwich,16
Lookout Tavern,Tuna Melt,sandwich,15
Lookout Tavern,BLT,sandwich,14
Lookout Tavern,Fish & Chips,seafood,24
Lookout Tavern,Fried Shrimp,seafood,26
Lookout Tavern,Fried Scallops,seafood,28
Lookout Tavern,Seafood Platter,seafood,38
Lookout Tavern,Grilled Salmon,seafood,28
Lookout Tavern,Fish Tacos,taco,18
Lookout Tavern,Lobster Mac & Cheese,pasta,32
Lookout Tavern,Chicken Tenders,tendys,16
Lookout Tavern,Steak Tips,entree,32
Lookout Tavern,Baby Back Ribs,entree,28
Nancy's Restaurant,New England Clam Chowder,chowder,9.95
Nancy's Restaurant,Shrimp Nancy's,apps,21.95
Nancy's Restaurant,Fried Calamari,apps,21.95
Nancy's Restaurant,Scallops Wrapped in Bacon,apps,18.95
Nancy's Restaurant,PEI Mussels,apps,25.95
Nancy's Restaurant,Hummus or Baba Ganoush,apps,15.95
Nancy's Restaurant,Mediterranean Sampler,apps,25.95
Nancy's Restaurant,Chowder Fries,fries,16.95
Nancy's Restaurant,Nancy's Wings,wings,19.95
Nancy's Restaurant,Smash Burger,burger,19.95
Nancy's Restaurant,Salmon BLT,seafood,26.95
Nancy's Restaurant,Fried Fish Sandwich,seafood,19.95
Nancy's Restaurant,Joe's Chicken Sandwich,sandwich,22.95
Nancy's Restaurant,Buffalo Chicken Wrap,fried chicken,19.95
Nancy's Restaurant,Greek Wrap,sandwich,18.95
Nancy's Restaurant,Fish or Shrimp Tacos,taco,22.95
Nancy's Restaurant,Fish & Chips,seafood,29.95
Nancy's Restaurant,Jumbo Shrimp,seafood,30.95
Nancy's Restaurant,Sea Scallops,seafood,31.95
Nancy's Restaurant,Clam Strips,seafood,32.95
Nancy's Restaurant,Clam Bellies,seafood,44.95
Nancy's Restaurant,Seafood Plate,seafood,48.95
Nancy's Restaurant,Lobster Mac & Cheese,seafood,39.95
Nancy's Restaurant,Cold Lobster Roll,lobster roll,30.95
Nancy's Restaurant,Hot Lobster Roll,lobster roll,32.95
Nancy's Restaurant,Steamed Lobster,seafood,39.95
Nancy's Restaurant,Baked Cod,seafood,34.95
Nancy's Restaurant,Baked Scallops,seafood,37.95
Nancy's Restaurant,Broiled Seafood Plate,seafood,39.95
Nancy's Restaurant,Shrimp Scampi,seafood,28.95
Nancy's Restaurant,Salmon,seafood,35.95
Nancy's Restaurant,Mediterranean Chicken Plate,entree,29.95
Nancy's Restaurant,Shumai,sushi,12
Nancy's Restaurant,Gyoza,sushi,12
Nancy's Restaurant,Tuna Avo Salad,sushi,18
Nancy's Restaurant,Seared Peppered Tuna,sushi,19
Nancy's Restaurant,Ceviche,sushi,19
Nancy's Restaurant,Sushi Sandwich,sushi,18
Nancy's Restaurant,Nancy's Roll,sushi,26
Nancy's Restaurant,Volcano Roll,sushi,26
Nancy's Restaurant,Dragon Roll,sushi,20
Nancy's Restaurant,Sneaky Steve Roll,sushi,26
Nancy's Restaurant,Amazing Roll,sushi,25
Nancy's Restaurant,Rainbow Roll,sushi,22
Nancy's Restaurant,MV Roll,sushi,26
Nancy's Restaurant,Katama Roll,sushi,26
Nancy's Restaurant,Coconut Shrimp Roll,sushi,23
Offshore Ale Company,New England Clam Chowder,chowder,12
Offshore Ale Company,Offshore Chili,apps,15
Offshore Ale Company,French Onion Soup,apps,14
Offshore Ale Company,Tomato Soup,apps,9
Offshore Ale Company,Guacamole and Chips,apps,14
Offshore Ale Company,Grilled Brie,apps,19
Offshore Ale Company,Buffalo Cauliflower,apps,16
Offshore Ale Company,Bavarian Pretzel Sticks,apps,10
Offshore Ale Company,Steamed PEI Mussels,apps,25
Offshore Ale Company,Hand-Cut Fries,fries,13
Offshore Ale Company,Truffle Fries,fries,17
Offshore Ale Company,Wings,wings,20
Offshore Ale Company,Chicken Tenders,tendys,20
Offshore Ale Company,Knife and Fork Fried Chicken Sandwich,fried chicken,24
Offshore Ale Company,Power Bowl,salad,20
Offshore Ale Company,Caesar Salad,salad,17
Offshore Ale Company,Pub Salad,salad,17
Offshore Ale Company,Fish and Chips,seafood,30
Offshore Ale Company,Fish Sandwich,seafood,24
Offshore Ale Company,Salmon BLT,seafood,25
Offshore Ale Company,Tuna Poke,seafood,34
Offshore Ale Company,Grilled Cheese and Tomato Soup,sandwich,18
Offshore Ale Company,Tavern Burger,burger,20
Offshore Ale Company,Turkey Burger,burger,23
Offshore Ale Company,Classic Cheese Pizza,pizza,21
Offshore Ale Company,BBQ Chicken Pizza,pizza,26
Offshore Ale Company,Meat Lovers Pizza,pizza,26
Offshore Ale Company,Veggie Pizza,pizza,24
Offshore Ale Company,Hawaiian Pizza,pizza,25
Offshore Ale Company,Margherita Pizza,pizza,23
Offshore Ale Company,Chicken Pesto Pizza,pizza,25
Offshore Ale Company,Potato Pizza,pizza,26
Offshore Ale Company,Chicken Quesadilla,taco,23
Offshore Ale Company,Steak Quesadilla,taco,25
Offshore Ale Company,Veggie Quesadilla,taco,22
Offshore Ale Company,Baby Back Ribs,entree,30
MV Salads,Campground Smok'n Vegan,salad,17
MV Salads,Campground Smok'n Chicken,salad,25
MV Salads,Menemsha Lobster Cobb,salad,35
MV Salads,Mermaid Meadow Summer,salad,19
MV Salads,MV BLT,salad,22
MV Salads,Tivoli Cauliflower,salad,18
MV Salads,Jaws Special,salad,10.95
MV Salads,Fireworks Salad,salad,10.95
Black Dog,Classic Chowder,chowder,12
Black Dog,Onion Rings,apps,15
Black Dog,Jalapeno Popper Puffs,apps,16
Black Dog,Spinach Artichoke Dip,apps,18
Black Dog,Chicken Wings,wings,17
Black Dog,Chicken Tenders,tendys,18
Black Dog,Drunken Sailor Shrimp,seafood,18
Black Dog,Fish and Chips,seafood,30
Black Dog,Garlic and Herb Panko Cod,seafood,34
Black Dog,Roasted Salmon,seafood,35
Black Dog,Harvest Salad,salad,18
Black Dog,Caesar Salad,salad,17
Black Dog,Vineyard Cobb,salad,18
Black Dog,House Salad,salad,15
Black Dog,Beef and Mushroom Pot Pie,entree,30
Black Dog,Steak Tips,entree,34
Black Dog,Rosemary and Apple Cider Braised Chicken,entree,33
Black Dog,Steak Frites,entree,33
Black Dog,Butternut Squash Ravioli,pasta,23
Black Dog,Sausage Broccoli Cavatelli,pasta,25
Black Dog,Cipolla Carmalizzata,pasta,24
Black Dog,Smash Burger,burger,28
Black Dog,French Fries,fries,7
9 Craft Kitchen and Bar,Filet Mignon Deviled Eggs,apps,19
9 Craft Kitchen and Bar,Fried Chicken Bao Bun,fried chicken,15
9 Craft Kitchen and Bar,Herbed Ricotta Cheese,apps,13
9 Craft Kitchen and Bar,Mussels Puttanesca,apps,22
9 Craft Kitchen and Bar,Spicy Tuna Lettuce Wraps,apps,19
9 Craft Kitchen and Bar,Lobster Tostadas,apps,22
9 Craft Kitchen and Bar,Sesame Chicken Bites,apps,15
9 Craft Kitchen and Bar,Corn & Cheddar Fritters,apps,16
9 Craft Kitchen and Bar,Oak Smoked Pork Belly,apps,19
9 Craft Kitchen and Bar,Foie Gras Sausage,apps,19
9 Craft Kitchen and Bar,Bacon Lollipop Bouquet,apps,16
9 Craft Kitchen and Bar,House Caesar,salad,16
9 Craft Kitchen and Bar,Olive Oil Poached Niçoise Salad,salad,24
9 Craft Kitchen and Bar,Strawberry Fields,salad,19
9 Craft Kitchen and Bar,Arcadia Green Salad,salad,15
9 Craft Kitchen and Bar,Warm Spinach Salad,salad,19
9 Craft Kitchen and Bar,Roasted Cauliflower Salad,salad,19
9 Craft Kitchen and Bar,Chowder,chowder,14
9 Craft Kitchen and Bar,Smoked Tomato Bisque,chowder,14
9 Craft Kitchen and Bar,French Fries,fries,12
9 Craft Kitchen and Bar,Lamb Ragout Rigatoni,pasta,37
9 Craft Kitchen and Bar,Pappardelle Bourguignon,pasta,37
9 Craft Kitchen and Bar,Lobster Crawfish Risotto,pasta,42
9 Craft Kitchen and Bar,Parmesan Koginut Squash Risotto,pasta,34
9 Craft Kitchen and Bar,Cast-Iron Baked Gnocchi,pasta,29
9 Craft Kitchen and Bar,Scottish Salmon,seafood,36
9 Craft Kitchen and Bar,Miso Cod,seafood,36
9 Craft Kitchen and Bar,Swordfish Steak,seafood,39
9 Craft Kitchen and Bar,Filet Mignon,entree,49
9 Craft Kitchen and Bar,Chicken Tagine (Serves 2),entree,49
9 Craft Kitchen and Bar,Dry-Aged Pork Chop,entree,42
9 Craft Kitchen and Bar,Wagyu Skirt Steak,entree,56
9 Craft Kitchen and Bar,Slow Braised Short Rib,entree,42
9 Craft Kitchen and Bar,Chicken Thigh Schnitzel,entree,27
9 Craft Kitchen and Bar,Boneless Prime Ribeye,entree,69
9 Craft Kitchen and Bar,The Burger,burger,26
Beach Road,New England Clam Chowder,chowder,17
Beach Road,Daily Bread,apps,12
Beach Road,Cast Iron Cornbread,apps,12
Beach Road,Fig Toast,apps,15
Beach Road,Blistered Shishitos,apps,14
Beach Road,Beet Roulade,apps,16
Beach Road,Charred Savoy Cabbage,apps,19
Beach Road,Autumn Salad,salad,21
Beach Road,Caesar Salad,salad,19
Beach Road,Tempura Shrimp,seafood,20
Beach Road,Bouillabaisse,seafood,50
Beach Road,Atlantic Halibut,seafood,48
Beach Road,Sugar Pumpkin & Mushroom Mafaldine,pasta,42
Beach Road,Lamb Chops,entree,26
Beach Road,Berkshire Pork Chop,entree,48
Beach Road,Braised Short Rib,entree,47
Beach Road,Hot Dog,sandwich,24
Beach Road,Fried Chicken,fried chicken,38
The Attic,Short Rib Poutine,apps,23
The Attic,Crispy Sweet Chili Brussel Sprouts,apps,18
The Attic,Fried Cheese Curds,apps,15
The Attic,Waterside's House Potato Chips,apps,14
The Attic,Beer Battered Onion Rings,apps,17
The Attic,French Onion Soup,apps,15
The Attic,Soup of the Day,apps,15
The Attic,Attic Wings,wings,12
The Attic,Tuna Tartar,seafood,26
The Attic,Portuguese Mussels,seafood,25
The Attic,House-made Crab Cakes,seafood,22
The Attic,Fried Codfish Sandwich,seafood,25
The Attic,Hoisin Glazed Salmon Rice Bowl,seafood,38
The Attic,Fish & Chips,seafood,30
The Attic,Attic Salad,salad,22
The Attic,Butternut Squash & Spinach Salad,salad,22
The Attic,Caesar Salad,salad,20
The Attic,Side Salad,salad,12
The Attic,Classic Burger,burger,24
The Attic,Attic Smash Burger,burger,24
The Attic,Veggie Burger,burger,23
The Attic,Turkey Burger,burger,24
The Attic,Mr. Bowen,burger,27
The Attic,Black & Bleu Burger,burger,27
The Attic,Firehouse Burger,burger,27
The Attic,Attic Fried Chicken Sandwich,sandwich,24
The Attic,Pulled Pork Sandwich,sandwich,25
The Attic,American Wagyu Hot Dog,sandwich,23
The Attic,Lobster Roll,lobster roll,38
The Attic,12 oz Prime N.Y. Strip,entree,57
The Attic,Herb Roasted 1/2 Chicken,entree,35
The Attic,Harissa Roasted Cauliflower,entree,30
The Attic,Classic Mac & Cheese,pasta,20
The Attic,Hand-cut Fries,fries,10
Waterside Market,Breakfast Sandwich,breakfast sandwich,8
Waterside Market,Breakfast Burrito,breakfast sandwich,13
Waterside Market,Skinny Wrap,breakfast sandwich,13
Waterside Market,Traditional Breakfast,breakfast,14
Waterside Market,Flapjacks,breakfast,14
Waterside Market,Tex-Mex,breakfast,20
Waterside Market,Eggs Benedict,breakfast,19
Waterside Market,Lobster Benedict,breakfast,36
Waterside Market,Cinnamon French Toast,breakfast,14
Waterside Market,Avocado Toast,breakfast,16
Waterside Market,Smoked Salmon & Tomato Caper Salsa,breakfast,20
Waterside Market,Farmhouse,sandwich,17
Waterside Market,John Alden,sandwich,17
Waterside Market,Red White & Green,sandwich,15
Waterside Market,C.A.B.,sandwich,17
Waterside Market,Italian,sandwich,17
Waterside Market,French Quarter,sandwich,18
Waterside Market,"B.L.T. ""The Best!""",sandwich,16
Waterside Market,Lucy Vincent,sandwich,16
Waterside Market,Lobster Roll,lobster roll,36
Waterside Market,Hand-Cut French Fries,fries,9
Waterside Market,Cobb Salad,salad,18
Waterside Market,Kale Chicken Caesar,salad,16
Waterside Market,Strawberry Quinoa,salad,20
Waterside Market,Greek Salad,salad,18
Porto Pizza,Veggie Pizza,pizza,20
Porto Pizza,White Pizza,pizza,20
Porto Pizza,Bacon Jalapeño Pizza,pizza,20
Porto Pizza,Linguica Peppers Pizza,pizza,20
Porto Pizza,Deep Dish Pepperoni,pizza,20
Porto Pizza,Deep Dish BBQ Pizza,pizza,20
Porto Pizza,Cheese Pizza,pizza,20
Porto Pizza,Pepperoni Pizza,pizza,20
Town Bar,Clam Chowder,chowder,12
Town Bar,Popcorn Chicken,apps,14
Town Bar,Coconut Shrimp,apps,15
Town Bar,Mac Fritters,apps,13
Town Bar,Fried Pickles,apps,11
Town Bar,Seasonal Soup,apps,12
Town Bar,Pretzel Bites,apps,10
Town Bar,Big Mac Sliders,apps,16
Town Bar,Truffle Street Corn Nachos,apps,16
Town Bar,Town Triple Sampler,apps,20
Town Bar,Chicken Wings,wings,13
Town Bar,Sesame Ginger Crunch,salad,16
Town Bar,Harvest Bowl,salad,18
Town Bar,Nashville Hot Chicken Salad,salad,20
Town Bar,Town Burger,burger,20
Town Bar,Smash Burger,burger,19
Town Bar,Southern Bird,fried chicken,17
Town Bar,Bulgogi Steak N Cheese,sandwich,20
Town Bar,Green Goddess,sandwich,19
Town Bar,Spicy Baja Fish Sandwich,seafood,19
Town Bar,Spicy Baja Fish & Chips,seafood,29
Town Bar,Pistachio Salmon,seafood,38
Town Bar,Brazilian Steak Tips,entree,32
Town Bar,Cider-Glazed Pork Chop,entree,28
Town Bar,Cilantro Lime Chicken,entree,26
Town Bar,Adults Kids Meal,entree,30
Town Bar,Gnocchi Cacio e Pepe,pasta,28
Alchemy Bistro & Bar,Duck Confit,entree,32
Alchemy Bistro & Bar,Truffle Fries,apps,14
Alchemy Bistro & Bar,Lobster Tacos,taco,28
Alchemy Bistro & Bar,Pan Seared Scallops,seafood,38
Alchemy Bistro & Bar,Steak Frites,entree,42
Alchemy Bistro & Bar,Roasted Boneless Half-Chicken,fried chicken,48
Alchemy Bistro & Bar,Blackened Lobster Tail,entree,74
ArtCliff Diner,Clam Chowder,chowder,9
ArtCliff Diner,Blueberry Pancakes,breakfast,12
ArtCliff Diner,Classic Burger,burger,14
ArtCliff Diner,Fish & Chips,seafood,18
ArtCliff Diner,Lobster Benedict,breakfast,24
Atria,Seared Tuna,seafood,38
Atria,Wagyu Burger,burger,28
Atria,Lobster Risotto,entree,42
Atria,Beet Salad,salad,16
Atria,Pan-Seared Scallops,seafood,44
Back Door Donuts,Apple Cider Donut,breakfast,4
Back Door Donuts,Apple Fritter,breakfast,9
Back Door Donuts,Boston Cream Donut,breakfast,3.5
Back Door Donuts,Maple Bacon Donut,breakfast,4
Back Door Donuts,Cinnamon Roll,breakfast,6.5
Bettini Restaurant,Clam Chowder,chowder,14
Bettini Restaurant,Grilled Swordfish,seafood,44
Bettini Restaurant,Pan Roasted Chicken,fried chicken,32
Bettini Restaurant,Lobster Ravioli,pasta,38
Bettini Restaurant,Caesar Salad,salad,12
Bettini Restaurant,New England Crab Cake,apps,29
Biscuits,Chicken & Biscuits,fried chicken,16
Biscuits,Shrimp & Grits,seafood,18
Biscuits,Fried Chicken & Waffle,fried chicken,17
Biscuits,Biscuits Benedict,breakfast,15
Biscuits,Buttermilk Pancakes,breakfast,12
Garde East,New England Clam Chowder,chowder,14
Garde East,Garde Burger,burger,18
Garde East,Pan Roasted Cod,seafood,28
Garde East,Crispy Calamari,apps,16
Garde East,Lobster Roll,lobster roll,36
Garde East,Citrus Salad,salad,22
Garde East,Striped Bass,seafood,60
Garde East,Lobster Cavatelli,pasta,42
L'etoile Restaurant,Seared Scallops,seafood,42
L'etoile Restaurant,Beef Bourguignon,entree,48
L'etoile Restaurant,Lobster Bisque,chowder,16
L'etoile Restaurant,Duck Breast,entree,44
L'etoile Restaurant,Foie Gras,apps,28
Red Cat Kitchen,Faroe Island Salmon Tartare,apps,22
Red Cat Kitchen,Caesar Salad,salad,16
Red Cat Kitchen,Brussels Sprouts,apps,14
Red Cat Kitchen,Codfish Cake,apps,18
Red Cat Kitchen,Braised Short Rib,entree,36
Red Cat Kitchen,Miso Glazed Pork Loin,entree,32
Red Cat Kitchen,Faroe Island Salmon,seafood,34
Red Cat Kitchen,Linguini and Clams,pasta,28
Red Cat Kitchen,Buttermilk Fried Chicken,fried chicken,28
Red Cat Kitchen,Blackened Swordfish,seafood,36
Red Cat Kitchen,Broiled Chatham Codfish,seafood,32
State Road,Clam Chowder,chowder,15
State Road,State Road Burger,burger,24
State Road,Pan Roasted Halibut,seafood,42
State Road,Fried Chicken,fried chicken,32
State Road,Brussels Sprouts,apps,14
The Covington,Our Bread Service,apps,2
The Covington,House Giardiniera,apps,12
The Covington,Sweet & Spicy Cucumbers,apps,15
The Covington,Smoked Eggplant Dip,apps,16
The Covington,Baked Cheese,apps,20
The Covington,Toast,apps,22
The Covington,Caesar Salad,salad,20
The Covington,Farmstand Salad,salad,20
The Covington,Smoked Beets,salad,22
The Covington,Three Sisters,apps,26
The Covington,Clams & Sausage,apps,30
The Covington,Sweet Potato Gnocchi,pasta,40
The Covington,Mushroom Ragu,pasta,40
The Covington,Bolognese,pasta,42
The Covington,Shrimp Piperade,entree,42
The Covington,Nova Scotia Halibut,seafood,52
The Covington,Pork Chop,entree,60
The Covington,NY Striploin,entree,76
The Covington,Honey Pie,apps,16
The Covington,Strawberry-Basil Sorbet,apps,12
The Covington,Chocolate Cake,apps,16
The Sweet Life Café,Pan Roasted Halibut,seafood,42
The Sweet Life Café,Duck Confit,entree,38
The Sweet Life Café,Beef Tenderloin,entree,48
The Sweet Life Café,Lobster Risotto,entree,44
The Sweet Life Café,Roasted Chicken,fried chicken,32
Rockfish,Clam Chowder,chowder,15
Rockfish,Tomato Soup,apps,11
Rockfish,Buffalo Fried Cauliflower,apps,20
Rockfish,Truffle Risotto Balls,apps,21
Rockfish,Fried Calamari,apps,21
Rockfish,Burrata,apps,23
Rockfish,PEI Mussels,apps,23
Rockfish,Crab Cakes,apps,25
Rockfish,Tuna Poke Nachos,apps,26
Rockfish,Tuscan Style Jumbo Wings,wings,26
Rockfish,Hand Cut Fries,fries,15
Rockfish,Truffle Fries w/ Shaved Cheese,fries,19
Rockfish,Caesar Salad,salad,20
Rockfish,Cobb Salad,salad,23
Rockfish,Roasted Golden Beet,salad,22
Rockfish,Greens,salad,16
Rockfish,Classic Pizza,pizza,23
Rockfish,Italian Pizza,pizza,26
Rockfish,BBQ Chicken Pizza,pizza,26
Rockfish,Margherita Pizza,pizza,23
Rockfish,Prosciutto & Arugula,pizza,26
Rockfish,Veggie Pizza,pizza,25
Rockfish,White Pizza,pizza,26
Rockfish,Chicken Bacon Ranch,pizza,26
Rockfish,Oven Roasted Cod,seafood,40
Rockfish,Asparagus Risotto,pasta,33
Rockfish,Mac-n-Cheese,pasta,31
Rockfish,Chicken Pot Pie,entree,32
Rockfish,Lobster Pot Pie,entree,48
Rockfish,Fish & Chips,seafood,32
Rockfish,Whole Belly Clam Plate,seafood,35
Rockfish,Cheeseburger & Fries,burger,25
Rockfish,Surf-n-Turf Burger,burger,40
Rockfish,Chef's Special Burger,burger,25
Rockfish,Jumbo Lobster Roll,lobster roll,39
Rockfish,Sautéed Lobster Roll,lobster roll,40
Rockfish,Fish Sandwich,seafood,20
Rockfish,Hot Dog,sandwich,19
Rockfish,Chicken Bahn Mi,sandwich,22
Rockfish,Short Rib Grilled Cheese,sandwich,26
Rockfish,Plain Cheese,sandwich,20
Rockfish,Lobster Grilled Cheese,lobster roll,35
Rockfish,Crispy Chicken Pesto Cutlet,sandwich,23
Rockfish,Seared Cod Taco,taco,23
Rockfish,Short Rib Taco,taco,26
Rockfish,Sautéed Lobster Taco,taco,33
Rockfish,Veggie Taco,taco,21
Rockfish,Blackened Shrimp Taco,taco,20
Rockfish,Crab Cake Sandwich,sandwich,26
Rockfish,12 oz Kobe Style Flat Iron,entree,66
Rockfish,Guinness Braised Short Rib,entree,40
Rockfish,Pan Seared Filet Mignon,entree,58
Rockfish,Chicken Pesto,pasta,39
Rockfish,Bolognese,pasta,38
Rockfish,Halibut,seafood,49
Sharky's Cantina,Street Corn Battered Fried Shrimp,apps,12.99
Sharky's Cantina,The Vegadilla,apps,15.99
Sharky's Cantina,The BLT Quesadilla,apps,13.99
Sharky's Cantina,Grilled Chicken Bacon Ranch Quesadilla,apps,15.99
Sharky's Cantina,Quansoo BBQ Quesadilla,apps,14.99
Sharky's Cantina,Cheeseburger Quesadilla,apps,14.99
Sharky's Cantina,Fajita-dilla,apps,16.99
Sharky's Cantina,Double Cheeseburger Chimi,burger,17.99
Sharky's Cantina,Build-Ur-Own Chicken Sammie,sandwich,12.99
Sharky's Cantina,Corona Cod Sandwich,seafood,15.99
Wolf's Den Pizzeria,Cheese Pizza,pizza,10.99
Wolf's Den Pizzeria,Meat Lover Pizza,pizza,15.99
Wolf's Den Pizzeria,Big Bad Wolf Pizza,pizza,15.99
Wolf's Den Pizzeria,Brazilian Pizza,pizza,15.99
Wolf's Den Pizzeria,Islander Pizza,pizza,14.99
Wolf's Den Pizzeria,House White Pizza,pizza,13.99
Wolf's Den Pizzeria,House Pesto Pizza,pizza,14.99
Wolf's Den Pizzeria,BLT Pizza,pizza,15.99
Wolf's Den Pizzeria,Chicken Caesar Pizza,pizza,15.99
Wolf's Den Pizzeria,Steak Bomb Pizza,pizza,15.99
Wolf's Den Pizzeria,Shrimp Scampi Pizza,pizza,17.99
Wolf's Den Pizzeria,Big Mac Pizza,pizza,15.99
Wolf's Den Pizzeria,BBQ Chicken Pizza,pizza,14.99
Wolf's Den Pizzeria,Buffalo Chicken Pizza,pizza,13.99
Wolf's Den Pizzeria,Thai Chicken Pizza,pizza,14.99
Wolf's Den Pizzeria,Veggie Lover Pizza,pizza,15.99
Wolf's Den Pizzeria,Mediterranean Pizza,pizza,15.99
Wolf's Den Pizzeria,The Binnacle Pizza,pizza,13.99
Wolf's Den Pizzeria,Mozzarella Sticks,apps,8.49
Wolf's Den Pizzeria,Chicken Fingers,tendys,10.99
Wolf's Den Pizzeria,Buffalo Wings,wings,11.99
Wolf's Den Pizzeria,Plain Chicken Wings,wings,9.99
Wolf's Den Pizzeria,French Fries,fries,4.99
Wolf's Den Pizzeria,Onion Rings,apps,6.99
Wolf's Den Pizzeria,The Den Salad,salad,11.99
Wolf's Den Pizzeria,House Salad,salad,8.49
Wolf's Den Pizzeria,Classic Caesar Salad,salad,8.99
Wolf's Den Pizzeria,Four Cheese Calzone,entree,11.99
Wolf's Den Pizzeria,Pesto Calzone,entree,12.99
Wolf's Den Pizzeria,Italian Calzone,entree,13.49
Wolf's Den Pizzeria,Meat Lover Calzone,entree,14.49
Wolf's Den Pizzeria,Sliced Meatball Sandwich,sandwich,10.99
Wolf's Den Pizzeria,Chicken Parm Sandwich,sandwich,10.99
Wolf's Den Pizzeria,Eggplant Parm Sandwich,sandwich,10.99
Wolf's Den Pizzeria,Rare Roast Beef Grinder,sandwich,10.99
Wolf's Den Pizzeria,Turkey Grinder,sandwich,9.99
Wolf's Den Pizzeria,Ham Grinder,sandwich,9.99
Wolf's Den Pizzeria,Italian Grinder,sandwich,10.99
Wolf's Den Pizzeria,BLT Grinder,sandwich,9.99
Wolf's Den Pizzeria,Pesto Veggie Grinder,sandwich,9.99
Wolf's Den Pizzeria,Steak & Cheese Philly,sandwich,10.48
Wolf's Den Pizzeria,Chicken & Cheese Philly,sandwich,10.48
Wolf's Den Pizzeria,Angus Burger,burger,9.99
Wolf's Den Pizzeria,Crispy Chicken Sandwich,sandwich,10.99
Wolf's Den Pizzeria,PF Brazilian Dish,entree,17.00
Wolf's Den Pizzeria,Coxinha,apps,5.00
Wolf's Den Pizzeria,Pastel,apps,6.00
Ocean Club,Za'atar Crusted Focaccia,apps,6
Ocean Club,Shrimp Cocktail,apps,28
Ocean Club,Armenian Mezze Plate,apps,22
Ocean Club,Jumbo Lump Crab Cake,apps,38
Ocean Club,Cheese Plate,apps,24
Ocean Club,Brandade Croquettes,apps,17
Ocean Club,The Ocean Club Wedge Salad,salad,19
Ocean Club,Roasted Beets,salad,17
Ocean Club,Petit Salad,salad,18
Ocean Club,Sicilian Style Anchovy Pasta,pasta,30
Ocean Club,Rigatoni Bolognese,pasta,35
Ocean Club,Penne alla Vodka,pasta,52
Ocean Club,Cassoulet,entree,55
Ocean Club,Prime Brandt Steak Frites,entree,69
Ocean Club,Braised Short Rib,entree,42
Ocean Club,Halibut Piccata,seafood,52
Catboat,Egg & Cheese,breakfast sandwich,7
Catboat,Sausage Egg & Cheese,breakfast sandwich,9
Catboat,Lebanese,breakfast sandwich,14
Catboat,Labneh,sandwich,12
Catboat,Falafel,sandwich,16
Catboat,Beef Kafta,sandwich,16
Catboat,Chicken Shawarma,sandwich,16
Catboat,Fattoush,salad,12
Catboat,Avocado Zaatar,salad,14
Catboat,Tabbouleh,salad,13
Nat's Nook,Egg & Cheese,breakfast sandwich,10
Nat's Nook,Eggs & Cheese with Bacon Ham or Sausage,breakfast sandwich,12
Nat's Nook,Yogurt & Honey Crepe,breakfast,13
Nat's Nook,Yogurt & Honey Crepe (with both fruits),breakfast,14
Nat's Nook,Eggs Goat Cheese & Spinach Crepe,breakfast,13
Nat's Nook,Eggs Swiss Mushroom & Spinach Crepe,breakfast,13
Nat's Nook,Eggs & Feta with Avocado Crepe,breakfast,13
Nat's Nook,Nutella Crepe,breakfast,13
Nat's Nook,Nutella Crepe (with extra fruit),breakfast,14
Nat's Nook,Yogurt & Fruit Crepe,breakfast,13
Nat's Nook,Yogurt & Fruit Crepe (with both fruits),breakfast,14
Nat's Nook,Lemon Blossom Crepe,breakfast,14
Nat's Nook,S'mores Crepe,breakfast,13
Nat's Nook,Apple Butter Crepe,breakfast,13
Nat's Nook,Butter Cinnamon Sugar Crepe,breakfast,13
Nat's Nook,Ham & Swiss Crepe with Spinach,breakfast,15
Nat's Nook,Turkey Cheddar Tomato Crepe,breakfast,15
Nat's Nook,Chicken Breast Havarti Avocado Pesto Crepe,breakfast,16
Nat's Nook,Southwest Chicken Crepe,breakfast,16
Nat's Nook,Greek Crepe,breakfast,16
Nat's Nook,Avocado Tomato Goat Cheese Crepe,breakfast,16
Nat's Nook,Club Crepe,breakfast,16
Nat's Nook,BLT Crepe,breakfast,12
Nat's Nook,Veggie Cream Cheese Bacon Bagel,breakfast sandwich,10
Nat's Nook,Cream Cheese Tomato Avocado Bagel,breakfast sandwich,10
Nat's Nook,Veggie Cream Cheese Tomato Arugula Bagel,breakfast sandwich,10
Nat's Nook,Ham Swiss Honey Mustard Bagel,breakfast sandwich,10
Nat's Nook,Hummus Cucumber Avocado Bagel,breakfast sandwich,10
Nat's Nook,Sausage Cheddar Mushroom Bagel,breakfast sandwich,10
Nat's Nook,Salmon Bagel,breakfast sandwich,13
The Maker,Charred Brussels Sprouts,apps,18
The Maker,Angus Beef Meatballs,apps,22
The Maker,Shawarma Spiced Carrots,apps,16
The Maker,Smashed Duck Fat Potatoes,apps,12
The Maker,Whipped Herbed Burrata,apps,22
The Maker,Caesar Salad,salad,17
The Maker,Baby Spinach Salad,salad,19
The Maker,Faroe Island Salmon,seafood,38
The Maker,Coq Au Vin,entree,34
The Maker,The Maker Burger,burger,25
The Maker,Lumache,pasta,33
The Maker,Bucatini,pasta,36
The Maker,Tagliolini,pasta,32
The Maker,Lasagne,pasta,22
The Barn Bowl & Bistro,Bacon Cheeseburger Sliders,burger,19
The Barn Bowl & Bistro,Bang Bang Cauliflower,apps,14
The Barn Bowl & Bistro,Queso Fundido,apps,16
The Barn Bowl & Bistro,Lemon Pepper Chicken Wings,wings,18
The Barn Bowl & Bistro,Crab Cakes,apps,18
The Barn Bowl & Bistro,Barn Mussels,apps,24
The Barn Bowl & Bistro,Shrimp Tempura,apps,19
The Barn Bowl & Bistro,House-Cut Onion Rings,apps,12
The Barn Bowl & Bistro,Chicken Lemongrass Potstickers,apps,13
The Barn Bowl & Bistro,Balsamic Bruschetta,apps,18
The Barn Bowl & Bistro,Bacon Brussels Sprouts,apps,18
The Barn Bowl & Bistro,Crispy Calamari,apps,18
The Barn Bowl & Bistro,Garlic Naan w/ Curry Sauce,apps,12
The Barn Bowl & Bistro,Pork Ribs,apps,17
The Barn Bowl & Bistro,Crispy Fish Bites,seafood,19
The Barn Bowl & Bistro,Brazilian Steak Skewers,apps,26
The Barn Bowl & Bistro,Southwest Chicken Egg Rolls,apps,13
The Barn Bowl & Bistro,Artichoke & Spinach Dip,apps,19
The Barn Bowl & Bistro,Barn Classic Hamburger,burger,21
The Barn Bowl & Bistro,Beyond Burger,burger,23
The Barn Bowl & Bistro,Prosciutto & Fig Pizza,pizza,23
The Barn Bowl & Bistro,Hawaiian Pizza,pizza,21
The Barn Bowl & Bistro,BBQ Chicken Pizza,pizza,20
The Barn Bowl & Bistro,Shortrib & Mushroom Pizza,pizza,23
The Barn Bowl & Bistro,Meat Supreme Pizza,pizza,22
The Barn Bowl & Bistro,Chicken Parmesan Pizza,pizza,21
The Barn Bowl & Bistro,Chicken Bacon Ranch Pizza,pizza,21
The Barn Bowl & Bistro,Wild Mushroom & Truffle Pizza,pizza,22
The Barn Bowl & Bistro,Brazilian Catupiry Pizza,pizza,22
The Barn Bowl & Bistro,Artichoke & Spinach Pizza,pizza,22
The Barn Bowl & Bistro,Plain Cheese Pizza,pizza,12
The Barn Bowl & Bistro,Classic Caesar,salad,15
The Barn Bowl & Bistro,Taco Salad,salad,26
The Barn Bowl & Bistro,Apple Cranberry Salad,salad,19
The Barn Bowl & Bistro,Brussels & Kale,salad,18
The Barn Bowl & Bistro,Red Pesto Gnocchi,pasta,23
The Barn Bowl & Bistro,The Barn's Famous Curry,entree,26
The Barn Bowl & Bistro,Barn Burrito Bowl,entree,27
The Barn Bowl & Bistro,Chicken Parmesan,entree,28
The Barn Bowl & Bistro,General Tso Chicken,fried chicken,26
The Barn Bowl & Bistro,Ahi Tuna Poke Bowl,pokebowl,28
The Barn Bowl & Bistro,Brown Sugar Steak Tips,entree,28
The Barn Bowl & Bistro,Bourbon Street Pasta,pasta,24
The Barn Bowl & Bistro,Grilled Sirloin Alfredo,pasta,42
The Barn Bowl & Bistro,Baked Tilapia,seafood,28
The Barn Bowl & Bistro,Braised Beef Stew,entree,27
The Barn Bowl & Bistro,Shrimp & Lobster Pasta,pasta,42
The Barn Bowl & Bistro,Teriyaki Glazed Salmon,seafood,32
The Barn Bowl & Bistro,Chicken & Broccoli Alfredo,pasta,28
The Barn Bowl & Bistro,Braised Beef Short Rib,entree,39
The Barn Bowl & Bistro,Fig & BBQ Meatloaf,entree,29
The Barn Bowl & Bistro,Porterhouse Pork Chop,entree,28
The Barn Bowl & Bistro,BBQ Baby Back Ribs,entree,28
The Barn Bowl & Bistro,Jamaican Jerk Rice Bowl,entree,27
The Barn Bowl & Bistro,Mussels & Shrimp Fra Diavolo,pasta,26
The Barn Bowl & Bistro,Beef Lasagna,pasta,26
The Barn Bowl & Bistro,Fried Cod Filet & Chips,seafood,28
The Barn Bowl & Bistro,Fried Chicken Dinner,fried chicken,26
Winston's Kitchen,Breakfast Sandwich,breakfast sandwich,8
Winston's Kitchen,Breakfast Plate,breakfast,12
Winston's Kitchen,Breakfast Burrito,breakfast,11
Winston's Kitchen,Chicken Fajita Breakfast Wrap,breakfast,11
Winston's Kitchen,Hash Brown Patties,fries,4
Winston's Kitchen,Cape Cod Bagel,breakfast,2.75
Winston's Kitchen,Italian Sub,sandwich,15
Winston's Kitchen,Maine Italian Sub,sandwich,13
Winston's Kitchen,Spicy Italian Sub,sandwich,15
Winston's Kitchen,Veggie Italian Sub,sandwich,13
Winston's Kitchen,Turkey & Cheese Italian Sub,sandwich,14
Winston's Kitchen,Ham & Cheese Sub,sandwich,14
Winston's Kitchen,Pepperoni & Cheese Sub,sandwich,14
Winston's Kitchen,Salami & Cheese Sub,sandwich,14
Winston's Kitchen,Roast Beef & Cheese Sub,sandwich,16
Winston's Kitchen,Tuna Salad Sandwich,sandwich,12
Winston's Kitchen,Chicken Salad Sandwich,sandwich,14
Winston's Kitchen,Hummus Wrap,sandwich,13
Winston's Kitchen,Loaded Steak & Cheese,sandwich,16
Winston's Kitchen,Steak & Cheese Sub,sandwich,14
Winston's Kitchen,Fried Chicken Sandwich,sandwich,14
Winston's Kitchen,Jerk Chicken Wrap,sandwich,13
Winston's Kitchen,Jerk Chicken Sandwich,sandwich,13
Winston's Kitchen,Grilled Chicken Club,sandwich,13
Winston's Kitchen,Tzatziki Salmon Sandwich,sandwich,18
Winston's Kitchen,Pastrami & Cheese Sandwich,sandwich,13
Winston's Kitchen,BBQ Mushroom Sandwich,sandwich,11
Winston's Kitchen,BBQ Pork Sandwich,sandwich,11
Winston's Kitchen,BLT Sandwich,sandwich,12
Winston's Kitchen,Fried Cod Fish Sandwich,sandwich,12
Winston's Kitchen,Impossible Burger,burger,17
Winston's Kitchen,Cheeseburger,burger,12
Winston's Kitchen,Hot Dog,sandwich,5
Winston's Kitchen,Sweet Italian Sausage,sandwich,9
Winston's Kitchen,Meatball Parmesan Sub,sandwich,16
Winston's Kitchen,Chicken Parmesan Sub,sandwich,16
Winston's Kitchen,Eggplant Parmesan Sub,sandwich,16
Winston's Kitchen,Arancini Balls,apps,10
Winston's Kitchen,French Fries,fries,8
Winston's Kitchen,Fried Cheese Curds,apps,13
Winston's Kitchen,Fried Plantains,apps,3
Winston's Kitchen,Chicken Tenders,tendys,17
Winston's Kitchen,Chicken Nuggets & Fries,tendys,12
Winston's Kitchen,Chicken Wings,wings,20
Winston's Kitchen,Southwest Chicken Egg Rolls,apps,13
Winston's Kitchen,Mozzarella Sticks,apps,10
Winston's Kitchen,Greek Salad,salad,13
Winston's Kitchen,Garden Salad,salad,11
Winston's Kitchen,Daily Soup,chowder,9
Cozy Corner,Pizza Panini,sandwich,15.50
Cozy Corner,Balkan Panini,sandwich,16.50
Cozy Corner,Prosciutto Panini,sandwich,16.50
Cozy Corner,Angelica's Croissant,breakfast sandwich,15.50
Cozy Corner,Egg Muffin,breakfast sandwich,11.00
Cozy Corner,Ham or Turkey Croissant,breakfast sandwich,7.50
Cozy Corner,Bean and Cheese Burrito,breakfast sandwich,8.00
Cozy Corner,Egg and Cheese Burrito,breakfast sandwich,9.50
Cozy Corner,Egg Cheese and Spinach Burrito,breakfast sandwich,10.00
Cozy Corner,Egg Cheese and Mushroom Burrito,breakfast sandwich,10.00
Cozy Corner,Turkey or Ham Egg and Cheese Burrito,breakfast sandwich,10.50
Cozy Corner,Bacon or Sausage Egg and Cheese Burrito,breakfast sandwich,11.00
Cozy Corner,Southern Style Burrito,breakfast sandwich,13.00
Cozy Corner,Avocado Toast,breakfast,14.00
Cozy Corner,Smoked Salmon Toast,breakfast,17.00
Cozy Corner,Iggy's Salmon Toast,breakfast,13.00
Cozy Corner,Steak and Cheese Toast,breakfast,17.00
Cozy Corner,Sweet Toast,breakfast,13.00
Cozy Corner,Breakfast Wrap,sandwich,15.00
Cozy Corner,Waldnut Cran Chicken Wrap,sandwich,14.00
Cozy Corner,Vegan Wrap,sandwich,13.50
Cozy Corner,Turkey Tomato Wrap,sandwich,14.00
Cozy Corner,Pork Wrap,sandwich,15.50
Cozy Corner,BLT Wrap,sandwich,15.00
Dock Street,Two Eggs with Toast Meat and Home Fries,breakfast,10.50
Dock Street,Two Eggs with Toast and Home Fries,breakfast,7.95
Dock Street,Three Eggs with Toast Meat and Home Fries,breakfast,11.50
Dock Street,French Toast with Meat and Home Fries,breakfast,12.95
Dock Street,Monte Cristo Sandwich,breakfast sandwich,12.25
Dock Street,Two Eggs with Corned Beef Hash,breakfast,11.95
Dock Street,Meat Omelet with Toast and Home Fries,breakfast,10.95
Dock Street,Meat Omelet with Toast and Home Fries Large,breakfast,13.95
Dock Street,Egg Mac,breakfast sandwich,5.00
Dock Street,Bacon Egg Mac,breakfast sandwich,5.75
Dock Street,Ham Egg Mac,breakfast sandwich,5.75
Dock Street,Sausage Egg Mac,breakfast sandwich,5.75
Dock Street,Portuguese Egg Mac,breakfast sandwich,5.75
Dock Street,Hash Egg Mac,breakfast sandwich,8.50
Dock Street,Cheeseburger Deluxe,burger,8.95
Dock Street,California Burger,burger,7.95
Dock Street,Patty Melt,burger,7.95
Dock Street,Steak and Cheese Sub,sandwich,9.00
Dock Street,Turkey Melt,sandwich,8.00
Dock Street,Turkey Deluxe Sandwich,sandwich,9.50
Dock Street,Hamburger,burger,6.00
Dock Street,Cheeseburger,burger,6.75
Dock Street,Hot Dog,sandwich,5.00
Dock Street,BLT Sandwich,sandwich,7.00
Dock Street,Linguica Sandwich,sandwich,7.00
Dock Street,Grilled Cheese Sandwich,sandwich,5.50
Dock Street,Grilled Ham and Cheese Sandwich,sandwich,8.75
Dock Street,Grilled Bacon and Cheese Sandwich,sandwich,8.75
Dock Street,Tuna Melt,sandwich,9.00
Dock Street,Tuna Salad Sandwich,sandwich,8.50
Dock Street,Egg Salad Sandwich,sandwich,5.50
Dock Street,Turkey Sandwich,sandwich,8.50
Dock Street,Ham and Cheese Sandwich,sandwich,8.50
Dock Street,Hamburger Sub,sandwich,10.50
Dock Street,Cheeseburger Sub,sandwich,11.00
Dock Street,Linguica Sub,sandwich,10.50
Dock Street,Tuna Salad Sub,sandwich,9.00
Dock Street,Egg Salad Sub,sandwich,7.50
Dock Street,Turkey Sub,sandwich,9.75
Dock Street,Ham and Cheese Sub,sandwich,9.75
Edgartown Pizza,Cheese Pizza,pizza,9.95
Edgartown Pizza,White Pizza,pizza,13.95
Edgartown Pizza,BBQ Chicken Pizza,pizza,15.95
Edgartown Pizza,Pesto Pizza,pizza,13.95
Edgartown Pizza,Meat Lover's Pizza,pizza,15.95
Edgartown Pizza,Buffalo Chicken Pizza,pizza,15.95
Edgartown Pizza,Brazilian Pizza,pizza,15.95
Edgartown Pizza,Italian Sub,sandwich,10.95
Edgartown Pizza,Eggplant Parmesan Sub,sandwich,10.95
Edgartown Pizza,Meatball Sub,sandwich,10.95
Edgartown Pizza,Tuna Melt Sub,sandwich,10.95
Edgartown Pizza,Grilled Chicken Parmesan Sub,sandwich,15.00
Edgartown Pizza,Steak & Cheese Sub,sandwich,16.00
Edgartown Pizza,French Fries,fries,3.95
Edgartown Pizza,Mozzarella Sticks,apps,6.95
Edgartown Pizza,Chicken Fingers,tendys,12.95
Edgartown Pizza,Fried Chicken Wings,wings,15.00
Edgartown Pizza,House Garlic Bread,apps,11.00
Edgartown Pizza,Onion Rings,apps,5.95
Edgartown Pizza,Tossed Salad,salad,6.95
Edgartown Pizza,Greek Salad,salad,7.95
Edgartown Pizza,Caesar Salad,salad,9.95
Edgartown Pizza,Chicken Caesar Salad,salad,15.95
Edgartown Pizza,Pasta with Marinara Sauce,pasta,10.95
Edgartown Pizza,Pasta with Meatballs,pasta,14.00
Edgartown Pizza,Eggplant Parmesan Pasta,pasta,14.00
Edgartown Pizza,Grilled Chicken Parmesan Pasta,pasta,15.95
Espresso Love,The Sunrise,breakfast sandwich,6.25
Espresso Love,Mike's Breakfast,breakfast sandwich,7.25
Espresso Love,The Shiretown,breakfast sandwich,7.50
Espresso Love,Breakfast Burrito,breakfast sandwich,8.25
Espresso Love,Church Street Bagel,breakfast sandwich,8.50
Espresso Love,The Islander,breakfast sandwich,7.50
Espresso Love,The New Yorker,breakfast sandwich,11.00
Espresso Love,Healthy Wrap,breakfast sandwich,6.99
Espresso Love,Vegan Breakfast Burrito,breakfast sandwich,8.99
Espresso Love,Avocado Toast,breakfast,9.00
Espresso Love,Loaded Avocado Toast,breakfast,14.00
Espresso Love,Breakfast Bowl,salad,13.99
Espresso Love,Chicken Avo BLT,sandwich,16.00
Espresso Love,KATAMA Chicken,sandwich,16.00
Espresso Love,Turkey Club,sandwich,16.00
Espresso Love,Black Angus Burger,burger,18.00
Espresso Love,Capri Chicken,sandwich,15.00
Espresso Love,Chilmark,sandwich,16.00
Espresso Love,Chappy,sandwich,14.00
Espresso Love,Menemsha,sandwich,14.00
Espresso Love,Sweet Potato Sandwich,sandwich,14.00
Espresso Love,ATM Sandwich,sandwich,14.00
Espresso Love,Black Bean Sweet Potato Burger,burger,16.00
Espresso Love,Powerhouse Sandwich,sandwich,13.00
Espresso Love,Greek Hummus Wrap,sandwich,14.00
Espresso Love,Greek Salad,salad,11.00
Espresso Love,Chicken Cobb Salad,salad,16.00
Espresso Love,Caesar Salad,salad,10.00
Espresso Love,Kale Salad,salad,10.00
Espresso Love,Green Goddess Bowl,salad,13.00
Espresso Love,Buddha Bowl,salad,13.00
Espresso Love,Summer Bowl,salad,13.00
Espresso Love,Chicken & Rice Bowl,salad,16.00
Indigo,Samosa,apps,16
Indigo,Samosa Chaat,apps,20
Indigo,Palak Pakora,apps,19
Indigo,Pakora Chaat,apps,20
Indigo,Bhel Puri Chaat,apps,18
Indigo,Crispy Gobi,apps,20
Indigo,Chicken Pakora,apps,22
Indigo,Chilli Chicken Dry,apps,22
Indigo,Chicken Tenders,tendys,18
Indigo,Indigo's Special Wings,wings,18
Indigo,Tawa Shrimp,apps,22
Indigo,Tawa Fish,seafood,22
Indigo,Beetroot Kebab,entree,20
Indigo,Paneer Tikka,entree,25
Indigo,Tandoori Chicken Half,entree,24
Indigo,Tandoori Chicken Full,entree,30
Indigo,Chipotle Chicken Tikka,entree,28
Indigo,Chicken Seekh Kebab,entree,26
Indigo,Lamb Chops,entree,35
Indigo,Lamb Seekh Kebab,entree,30
Indigo,Beef Seekh Kebab,entree,30
Indigo,Tandoori Salmon,seafood,32
Indigo,Dal Tadka,entree,27
Indigo,Dal Fry,entree,27
Indigo,Aloo Matar,entree,29
Indigo,Channa Masala,entree,29
Indigo,Channa Tikka Masala,entree,29
Indigo,Channa Paneer Masala,entree,29
Indigo,Saag Channa,entree,29
Indigo,Paneer Butter Masala,entree,30
Indigo,Saag Paneer,entree,30
Indigo,Malai Kofta,entree,29
Indigo,Indigo's Veg Korma,entree,30
Indigo,OG Butter Chicken,entree,32
Indigo,Chicken Tikka Masala,entree,32
Indigo,Madrasi Chicken,entree,32
Indigo,Chicken Korma,entree,32
Indigo,Chilli Chicken Gravy,entree,32
Indigo,Saag Chicken,entree,32
Indigo,Chicken Vindaloo,entree,32
Indigo,Lamb Vindaloo,entree,35
Indigo,Saag Lamb,entree,35
Indigo,Lamb Tikka Masala,entree,35
Indigo,Malabar Fish Curry,seafood,32
Indigo,Goan Shrimp Curry,entree,32
Indigo,Mixed Veg Biryani,entree,26
Indigo,Nawabi Style Chicken Biryani,entree,30
Indigo,Lamb Biryani,entree,32
Indigo,Bacon Cheeseburger,burger,25
Indigo,Lamb Burger,burger,29
Indigo,Kerala Fried Chicken Sandwich,sandwich,25
Indigo,Grilled Cheese with Tomato Rasam,sandwich,23
Indigo,Spaghetti with Cherry Tomato Sauce,pasta,25
The Newes from America,Spinach Artichoke Dip,apps,18
The Newes from America,Jumbo Pretzel,apps,18
The Newes from America,Crispy Brussels Sprouts,apps,14
The Newes from America,Pub Wings,wings,18
The Newes from America,Point Judith Crispy Calamari,apps,20
The Newes from America,Crispy Fries,fries,13
The Newes from America,Crispy Onion Rings,apps,13
The Newes from America,New England Clam Chowder,chowder,14
The Newes from America,French Onion Soup,soup,14
The Newes from America,Bistro Salad,salad,16
The Newes from America,Classic Caesar Salad,salad,17
The Newes from America,Logan's Crispy Chicken Sando,sandwich,23
The Newes from America,1742 Burger,burger,25
The Newes from America,Reuben,sandwich,21
The Newes from America,Lobster Roll,lobster roll,37
The Newes from America,Fish & Chips,seafood,28
The Newes from America,Shrimp Po Boy,sandwich,22
The Newes from America,Crispy Tacos,taco,29
Square Rigger,Spinach Artichoke Dip,apps,18
Square Rigger,Jumbo Pretzel,apps,18
Square Rigger,Crispy Brussels Sprouts,apps,14
Square Rigger,Pub Wings,wings,18
Square Rigger,Point Judith Calamari,apps,20
Square Rigger,Crispy Onion Rings,apps,13
Square Rigger,French Fries,fries,13
Square Rigger,New England Clam Chowder,chowder,14
Square Rigger,French Onion Soup,soup,14
Square Rigger,Bistro Salad,salad,16
Square Rigger,Caesar Salad,salad,17
Square Rigger,Logan's Crispy Chicken Sando,sandwich,23
Square Rigger,1742 Burger,burger,25
Square Rigger,Reuben Sandwich,sandwich,21
Square Rigger,Lobster Roll,lobster roll,37
Square Rigger,Fish and Chips,seafood,28
Square Rigger,Shrimp Po Boy,sandwich,22
Square Rigger,Crispy Fish Tacos,taco,29
Wharf Pub,Clam Chowder,chowder,12.00
Wharf Pub,Kale Salad,salad,17.00
Wharf Pub,House Salad,salad,17.00
Wharf Pub,Caesar Salad,salad,18.00
Wharf Pub,Sausage & Broccoli Rabe Ravioli,apps,18.00
Wharf Pub,Fried Calamari,apps,20.00
Wharf Pub,Mussels,apps,22.00
Wharf Pub,Potato Skins,apps,12.00
Wharf Pub,Fried Pickle Chips,apps,14.00
Wharf Pub,Chicken Wings,wings,18.00
Wharf Pub,Loaded Nachos,apps,16.00
Wharf Pub,Chicken Tenders,tendys,17.00
Wharf Pub,Truffle Fries,fries,16.00
Wharf Pub,Chowder Fries,fries,18.00
Wharf Pub,Fried Cod Sandwich,sandwich,20.00
Wharf Pub,Fried Chicken Sandwich,sandwich,19.00
Wharf Pub,Wharf Reuben,sandwich,19.00
Wharf Pub,Turkey BLT,sandwich,18.00
Wharf Pub,Philly Steak Bomb,sandwich,21.00
Wharf Pub,Black & Bleu Burger,burger,21.00
Wharf Pub,Jalapeño Burger,burger,21.00
Wharf Pub,Crack Burger,burger,21.00
Wharf Pub,Bistro Burger,burger,25.00
Wharf Pub,Beyond Burger,burger,20.00
Wharf Pub,Braised Short Ribs,entree,36.00
Wharf Pub,Pan Seared Chicken,entree,29.00
Wharf Pub,Braised Pork Shoulder,entree,32.00
Wharf Pub,Surf & Turf,entree,36.00
Wharf Pub,Fish N' Chips,seafood,29.00
Wharf Pub,Grilled NY Strip Steak,entree,42.00
Wharf Pub,Veggie Penne,pasta,21.00
Wharf Pub,Bolognese,pasta,28.00
